<?xml version="1.0" encoding="UTF-8"?>
<teamcity-plugin xmlns:xsi="http://www.w3.org/2001/XMLSchema-instance" xsi:noNamespaceSchemaLocation="urn:schemas-jetbrains-com:teamcity-plugin-v1-xml">
  <info>
    <name>teamcityNyanify</name>
    <display-name>teamcityNyanify</display-name>
    <version>snapshot-20160406134523</version>
    <description>Add some nyan-cats to your builds!</description>
    <download-url>Plugin download URL</download-url>
    <vendor>
      <name>Plugin vendor name</name>
      <url>Plugin vendor URL</url>
    </vendor>
  </info>
  <deployment use-separate-classloader="true" />
</teamcity-plugin>
